Job Title,Job Description,Category
Software Engineer,Develop and maintain software applications.,IT
Marketing Manager,Plan and execute marketing strategies.,Marketing
Nurse,Assist patients with daily care activities.,Healthcare
Data Scientist,Analyze large datasets and build predictive models.,IT
Sales Executive,Drive business growth through client acquisition.,Marketing
Doctor,Diagnose and treat patients in a clinical setting.,Healthcare
Digital Marketer,Develop and optimize online advertising campaigns.,Marketing
Web Developer,Design and implement user-friendly websites.,IT
Pharmacist,Dispense medications and provide drug-related advice.,Healthcare
SEO Specialist,Optimize website content to improve search engine ranking.,Marketing
Software Engineer,Develop and maintain software applications.,IT
Marketing Manager,Plan and execute marketing strategies.,Marketing
Nurse,Assist patients with daily care activities.,Healthcare
Data Scientist,Analyze large datasets and build predictive models.,IT
Sales Executive,Drive business growth through client acquisition.,Marketing
Doctor,Diagnose and treat patients in a clinical setting.,Healthcare
Digital Marketer,Develop and optimize online advertising campaigns.,Marketing
Web Developer,Design and implement user-friendly websites.,IT
Pharmacist,Dispense medications and provide drug-related advice.,Healthcare
SEO Specialist,Optimize website content to improve search engine ranking.,Marketing
Cloud Architect,Design and manage cloud infrastructure.,IT
Content Writer,Create and manage written content for websites and blogs.,Marketing
Registered Nurse,Provide medical care and assistance to patients.,Healthcare
Machine Learning Engineer,Develop algorithms and models for machine learning applications.,IT
Brand Manager,Create and maintain a brand's image and reputation.,Marketing
Psychiatrist,Diagnose and treat mental health disorders.,Healthcare
Mobile App Developer,Develop applications for mobile platforms.,IT
Public Relations Manager,Build and maintain a positive public image for the company.,Marketing
Physician Assistant,Assist doctors in diagnosing and treating patients.,Healthcare
Front-End Developer,Create and implement user interfaces for websites and applications.,IT
Backend Developer,Develop server-side logic and databases for applications.,IT
Market Research Analyst,Analyze market conditions to examine potential sales opportunities.,Marketing
Occupational Therapist,Assist patients in improving their ability to perform daily tasks.,Healthcare
DevOps Engineer,Ensure smooth deployment and operation of applications.,IT
Advertising Manager,Create and oversee advertising campaigns for products or services.,Marketing
Surgeon,Perform surgeries to treat injuries diseases and other medical conditions.,Healthcare
Social Media Manager,Manage social media platforms and engage with the audience.,Marketing
Database Administrator,Manage and organize databases for efficient access and performance.,IT
Medical Laboratory Technician,Conduct tests and analyze lab samples for medical purposes.,Healthcare
Event Coordinator,Plan and manage events to promote the company or products.,Marketing
Business Analyst,Analyze and interpret business data to help make informed decisions.,IT
Content Strategist,Develop and execute content strategies to engage audiences.,Marketing
Anesthesiologist,Administer anesthesia and monitor patients during surgery.,Healthcare
Full Stack Developer,Build both front-end and back-end parts of web applications.,IT
Creative Director,Lead the creative team in developing visuals and concepts for marketing.,Marketing
Physical Therapist,Help patients recover and improve physical mobility.,Healthcare
Systems Analyst,Analyze and design IT systems to meet business needs.,IT
E-commerce Manager,Oversee online sales operations and manage digital product listings.,Marketing
Healthcare Administrator,Manage operations and administrative tasks in healthcare settings.,Healthcare
Software Tester,Test software applications to ensure they function as expected.,IT
UI/UX Designer,Design user interfaces and experiences for digital products.,IT
Product Manager,Manage product development from concept to release.,Marketing
Radiologic Technologist,Operate imaging equipment to perform diagnostic imaging procedures.,Healthcare
Network Engineer,Design and implement computer networks for organizations.,IT
Email Marketing Specialist,Create and manage email marketing campaigns for customer engagement.,Marketing
General Practitioner,Provide primary healthcare services and general medical advice.,Healthcare
Game Developer,Design and develop video games for entertainment or educational purposes.,IT
Marketing Analyst,Collect and analyze data to optimize marketing strategies.,Marketing
Orthopedic Surgeon,Diagnose and treat musculoskeletal conditions and perform surgeries.,Healthcare
Java Developer,Develop software applications using Java programming language.,IT
Product Designer,Design products and ensure they meet customer needs and market demands.,Marketing
Healthcare IT Specialist,Implement and manage healthcare-related IT solutions.,IT
SEO Manager,Oversee search engine optimization efforts for websites and content.,Marketing
Emergency Room Nurse,Provide emergency care to patients in critical situations.,Healthcare
Cloud Security Specialist,Ensure security of cloud infrastructure and services.,IT
Customer Success Manager,Ensure customers are satisfied and receive maximum value from the product.,Marketing
Dietitian,Advise on nutrition and create dietary plans for patients.,Healthcare
IT Support Specialist,Provide technical support to resolve IT issues for users.,IT
Influencer Marketing Manager,Develop partnerships with social media influencers to promote brands.,Marketing
Medical Researcher,Conduct research to improve medical knowledge and treatment methods.,Healthcare
Game Designer,Design gameplay mechanics characters and levels for video games.,IT
Account Manager,Manage client accounts and maintain strong customer relationships.,Marketing
Pediatrician,Diagnose and treat children’s illnesses and medical conditions.,Healthcare
Network Administrator,Maintain and support a company’s computer networks.,IT
Brand Strategist,Develop and execute long-term brand strategies for companies.,Marketing
Cardiologist,Diagnose and treat heart-related health conditions.,Healthcare
Software Development Manager,Oversee a team of developers and ensure timely delivery of software.,IT
Web Designer,Design and create visually appealing and functional websites.,IT
Public Health Administrator,Manage public health programs and policies.,Healthcare
IT Consultant,Provide expert advice to businesses on IT solutions and strategies.,IT
Campaign Manager,Plan and execute marketing campaigns to promote products.,Marketing
Emergency Medical Technician,Provide emergency medical services at accident scenes and during transport.,Healthcare
Data Analyst,Interpret data and provide actionable insights for business decisions.,IT
Telemedicine Specialist,Provide medical consultations and advice via telecommunication methods.,Healthcare
Mobile Marketing Manager,Develop and manage marketing strategies for mobile platforms.,Marketing
Business Intelligence Analyst,Analyze business data to provide strategic insights.,IT
Social Media Influencer,Promote brands and products on personal social media channels.,Marketing
Neurosurgeon,Perform surgery on the brain and nervous system.,Healthcare
Content Editor,Review and edit content for quality accuracy and consistency.,Marketing
Cloud Developer,Develop applications and services in cloud environments.,IT
SEO Analyst,Optimize websites to improve search engine rankings and visibility.,Marketing
Oncology Nurse,Provide care for cancer patients undergoing treatment.,Healthcare
Blockchain Developer,Develop decentralized applications using blockchain technology.,IT
Video Content Creator,Create video content for platforms like YouTube or social media.,Marketing
Geriatrician,Specialize in healthcare for elderly patients.,Healthcare
Technical Writer,Write manuals and documentation for software products.,IT
Search Engine Marketing Specialist,Create and manage paid search advertising campaigns.,Marketing
Chiropractor,Diagnose and treat musculoskeletal disorders through physical adjustments.,Healthcare
Android Developer,Develop mobile applications for Android devices.,IT
UX Researcher,Conduct user research to inform the design of digital products.,IT
Travel Nurse,Work in various healthcare settings on temporary assignments.,Healthcare
Growth Hacker,Develop innovative strategies to rapidly grow a product or business.,Marketing
Webmaster,Maintain and update websites to ensure they run smoothly.,IT
Fitness Trainer,Create and lead exercise programs to help clients improve fitness.,Healthcare
Affiliate Marketing Manager,Develop and manage affiliate marketing strategies.,Marketing
Hardware Engineer,Design and develop physical components of computer systems.,IT
Pharmaceutical Sales Representative,Promote pharmaceutical products to healthcare providers.,Marketing
Speech-Language Pathologist,Diagnose and treat speech and language disorders.,Healthcare


